<?xml version="1.0" encoding="UTF-8"?>
<project-private xmlns="http://www.netbeans.org/ns/project-private/1">
    <editor-bookmarks xmlns="http://www.netbeans.org/ns/editor-bookmarks/2" lastBookmarkId="0"/>
    <open-files xmlns="http://www.netbeans.org/ns/projectui-open-files/2">
        <group>
            <file>file:/D:/KULIAH/Praktiku%20Basis%20Data/uas-Praktikum-PBD/src/perpustakaan/UtamaA.java</file>
            <file>file:/D:/KULIAH/Praktiku%20Basis%20Data/uas-Praktikum-PBD/src/perpustakaan/Utama.java</file>
            <file>file:/D:/KULIAH/Praktiku%20Basis%20Data/uas-Praktikum-PBD/src/perpustakaan/Anggota.java</file>
            <file>file:/D:/KULIAH/Praktiku%20Basis%20Data/uas-Praktikum-PBD/src/perpustakaan/PinjamU.java</file>
        </group>
    </open-files>
</project-private>
